{
  "probe": {
    "label": "center",
    "component": "ey",
    "point": [0.000000000000, 0.000000000000, 0.000000000000],
    "dt": 0.025000000000,
    "sample_every_steps": 10,
    "sample_dt": 0.250000000000,
    "start_time": 75.000000000000,
    "num_samples": 401
  },
  "config": {
    "fmin": 0.100000000000,
    "fmax": 0.420000000000,
    "maxbands": 50,
    "q_threshold": 100.000000000000
  },
  "selected": {
    "method": "max_Q",
    "used_fallback": false,
    "index": 0,
    "frequency": 0.266026919391,
    "decay": 0.000104004749,
    "Q": 1278.917176405088,
    "amp": 7.741746830515,
    "phase": -3.040221659088
  },
  "modes": [
    {"freq": 0.266026919391, "decay": 0.000104004749, "Q": 1278.917176405088, "amp": 7.741746830515, "phase": -3.040221659088}
  ]
}
